<DATE>,<TIME>,<OPEN>,<HIGH>,<LOW>,<CLOSE>,<VOL>
20160104,110000,76.4100000,76.5000000,75.9000000,76.0400000,531500
20160104,120000,76.0500000,76.1000000,73.0000000,74.1200000,2885200
20160104,130000,74.1200000,74.1500000,73.3000000,73.6100000,1879500
20160104,140000,73.6000000,74.0600000,73.5700000,73.9300000,350800
20160104,150000,73.8800000,74.0900000,73.7600000,73.9300000,476700
20160104,160000,73.9000000,73.9500000,73.7700000,73.8200000,184600
20160104,170000,73.8100000,74.0500000,73.7800000,73.8400000,171800
20160104,180000,73.8300000,74.0100000,73.8000000,73.9300000,157900
20160104,190000,73.9700000,73.9900000,73.8000000,73.8800000,454700
20160105,110000,73.9100000,74.4600000,73.6200000,74.1200000,1126700
20160105,120000,74.1100000,74.3800000,73.8500000,74.1400000,413700
20160105,130000,74.2700000,74.3000000,73.8500000,73.9800000,270200
20160105,140000,73.9900000,74.0100000,73.3600000,73.4800000,801600
20160105,150000,73.4800000,73.4800000,73.1500000,73.2900000,745600
20160105,160000,73.3000000,73.4700000,73.0600000,73.3100000,435500
20160105,170000,73.3000000,74.3000000,73.3000000,74.1300000,1316700
20160105,180000,74.1300000,74.1700000,73.7300000,74.0400000,400300
20160105,190000,74.0400000,74.3200000,74.0200000,74.2300000,527700
20160106,110000,73.9900000,75.5000000,73.7800000,75.1000000,2011300
20160106,120000,75.1400000,75.4900000,74.3300000,74.5600000,1202700
20160106,130000,74.6000000,74.7100000,74.1200000,74.1900000,498900
20160106,140000,74.2800000,74.5000000,73.2300000,73.6000000,1321300
20160106,150000,73.6100000,73.6100000,72.5600000,72.9600000,3178400
20160106,160000,72.9200000,73.0600000,72.4200000,72.9500000,1129500
20160106,170000,72.9500000,72.9800000,72.5900000,72.7700000,380500
20160106,180000,72.7500000,73.0000000,72.6500000,72.7900000,396000
20160106,190000,72.7900000,72.8800000,72.5900000,72.6200000,676200
20160111,110000,70.5100000,71.0000000,70.1700000,70.4300000,2235900
20160111,120000,70.4700000,71.0100000,69.3500000,70.4500000,5898400
20160111,130000,70.4500000,70.5600000,70.1500000,70.3300000,581700
20160111,140000,70.2700000,70.2700000,69.5600000,69.7700000,1698100
20160111,150000,69.7400000,69.9900000,69.4000000,69.6400000,955400
20160111,160000,69.6000000,69.6300000,69.1800000,69.4100000,1659100
20160111,170000,69.4000000,69.5800000,69.2000000,69.3000000,782000
20160111,180000,69.3500000,69.6500000,69.2800000,69.5000000,1112900
20160111,190000,69.5000000,69.5000000,69.0700000,69.1100000,2077300
20160112,110000,68.0200000,68.7300000,66.8400000,67.4100000,4923900
20160112,120000,67.3400000,68.7900000,67.2100000,68.4400000,2584900
20160112,130000,68.4700000,69.4600000,68.3600000,69.4000000,2101300
20160112,140000,69.4000000,69.9400000,69.0100000,69.9400000,1191500
20160112,150000,69.9500000,70.0800000,69.1600000,69.3300000,964000
20160112,160000,69.2700000,69.5400000,69.1000000,69.4100000,378900
20160112,170000,69.4700000,69.8500000,69.3700000,69.8400000,918100
20160112,180000,69.8300000,69.9500000,69.5800000,69.7000000,654900
20160112,190000,69.7700000,69.8400000,69.2700000,69.3200000,939800
20160113,110000,69.7600000,70.7700000,69.7000000,70.6800000,2305700
20160113,120000,70.6800000,70.9900000,70.4800000,70.6600000,1424400
20160113,130000,70.5900000,70.7100000,70.0100000,70.0400000,789400
20160113,140000,70.1000000,70.6800000,69.9000000,70.5900000,694500
20160113,150000,70.5900000,70.6500000,70.2300000,70.2600000,253000
20160113,160000,70.2600000,70.5700000,70.2600000,70.4300000,218300
20160113,170000,70.4800000,70.7500000,70.4100000,70.7000000,700200
20160113,180000,70.7100000,70.8900000,70.6500000,70.8000000,1671400
20160113,190000,70.8100000,70.8800000,70.1000000,70.6000000,3559700
20160114,110000,69.7200000,70.2600000,69.5600000,70.1500000,1553200
20160114,120000,70.1200000,70.1600000,69.8200000,70.0900000,1228600
20160114,130000,70.0900000,70.3700000,69.7200000,70.2800000,1698800
20160114,140000,70.2100000,70.3000000,69.9100000,70.1700000,515100
20160114,150000,70.1100000,70.1800000,69.7300000,70.0000000,874500
20160114,160000,70.0400000,70.6500000,69.9200000,70.3600000,1167200
20160114,170000,70.3500000,70.5200000,70.0800000,70.2700000,833800
20160114,180000,70.3500000,70.3500000,69.3100000,69.3300000,2440000
20160114,190000,69.3400000,70.6000000,69.3100000,70.5700000,1760500
20160115,110000,70.1800000,70.5000000,69.9000000,70.4700000,656700
20160115,120000,70.4200000,70.8000000,69.4700000,69.5100000,1238000
20160115,130000,69.5100000,69.7700000,69.3600000,69.4800000,572900
20160115,140000,69.4800000,69.5900000,68.1000000,68.1600000,3146200
20160115,150000,68.1400000,68.5000000,67.8000000,68.2100000,1770700
20160115,160000,68.2100000,68.2500000,67.2600000,67.8300000,2264500
20160115,170000,67.7400000,68.1000000,66.7300000,67.0100000,3349800
20160115,180000,67.0100000,67.6200000,66.8600000,66.9500000,3521100
20160115,190000,66.9600000,67.1500000,66.7500000,66.8000000,1262000
20160118,110000,66.2400000,66.5000000,65.5000000,65.8600000,2639700
20160118,120000,65.8600000,67.0900000,65.8600000,66.7300000,2093800
20160118,130000,66.8400000,67.2400000,66.5300000,67.1000000,1528900
20160118,140000,67.1400000,67.1600000,66.4000000,67.1500000,1368400
20160118,150000,67.1500000,67.4200000,67.0600000,67.2200000,1258500
20160118,160000,67.2400000,67.3900000,66.4500000,66.6300000,1232600
20160118,170000,66.6300000,66.7500000,66.2300000,66.5200000,1127800
20160118,180000,66.5200000,66.7000000,66.1000000,66.4500000,901600
20160118,190000,66.4200000,66.5700000,66.3300000,66.3300000,480500
20160119,110000,66.9900000,68.5400000,66.8600000,68.0400000,3042800
20160119,120000,68.1000000,68.2000000,67.5700000,67.8900000,710000
20160119,130000,67.9000000,67.9700000,67.5000000,67.8600000,633400
20160119,140000,67.9000000,68.0500000,67.7000000,67.7200000,1348600
20160119,150000,67.7200000,68.0100000,67.6300000,67.8800000,1213200
20160119,160000,67.8900000,67.8900000,67.1300000,67.2500000,1707300
20160119,170000,67.2500000,67.3600000,66.8000000,67.1300000,985200
20160119,180000,67.1400000,67.1600000,65.3500000,66.1300000,3189800
20160119,190000,66.1000000,66.2300000,65.5500000,66.1000000,1281700
20160120,110000,64.9800000,65.2500000,63.8100000,64.1100000,4283600
20160120,120000,64.0600000,64.5500000,63.5100000,63.9500000,2755900
20160120,130000,63.9700000,64.3600000,63.7100000,64.1800000,1381800
20160120,140000,64.1400000,64.5300000,64.0100000,64.2200000,989500
20160120,150000,64.3000000,64.3000000,63.8100000,64.1500000,1018400
20160120,160000,64.1000000,64.1400000,63.7500000,64.1000000,956600
20160120,170000,64.1200000,64.1600000,63.7500000,63.9800000,1006700
20160120,180000,64.0300000,64.1800000,63.5300000,63.6400000,3923600
20160120,190000,63.6900000,63.9400000,63.5500000,63.5500000,1545700
20160121,110000,63.6700000,64.3700000,63.4500000,63.6900000,1761800
20160121,120000,63.7000000,64.9800000,63.6600000,64.0900000,5099500
20160121,130000,64.1700000,64.9900000,64.0900000,64.9800000,1830000
20160121,140000,64.9800000,65.1000000,64.7000000,64.8600000,2153700
20160121,150000,64.8600000,65.0100000,64.7500000,64.8500000,1496800
20160121,160000,64.9000000,64.9500000,64.8400000,64.9000000,509700
20160121,170000,64.8900000,65.4600000,64.7900000,65.1100000,2484800
20160121,180000,65.1800000,65.6800000,65.1200000,65.3000000,1359300
20160121,190000,65.3100000,65.5000000,65.1900000,65.3900000,1323400
20160122,110000,67.3300000,67.5700000,66.9900000,67.2200000,2349700
20160122,120000,67.2300000,67.3900000,67.0700000,67.3400000,1941300
20160122,130000,67.3500000,67.3900000,66.7000000,66.9800000,1542900
20160122,140000,66.9700000,67.1500000,66.8900000,66.9900000,391200
20160122,150000,66.9800000,68.4000000,66.9500000,68.3200000,4001100
20160122,160000,68.3000000,68.7800000,68.3000000,68.5900000,2990800
20160122,170000,68.5400000,68.9000000,68.4000000,68.8900000,1397400
20160122,180000,68.8600000,69.5000000,68.6200000,69.4900000,1731400
20160122,190000,69.4600000,69.5000000,68.7100000,68.7500000,2068600
20160125,110000,70.0000000,70.0000000,68.5500000,68.9400000,1829900
20160125,120000,68.9200000,68.9200000,68.1300000,68.3500000,1892700
20160125,130000,68.3500000,68.5200000,68.1700000,68.2400000,1341300
20160125,140000,68.2400000,68.6700000,68.1900000,68.3600000,1524100
20160125,150000,68.3800000,68.4000000,67.7600000,67.8500000,1703200
20160125,160000,67.8500000,68.0100000,67.7400000,67.9100000,1532300
20160125,170000,67.9000000,67.9500000,65.7000000,66.5200000,3982800
20160125,180000,66.5200000,67.2500000,66.3300000,66.9500000,2296000
20160125,190000,66.9600000,67.6300000,66.7500000,66.7500000,1927900
20160126,110000,65.8000000,66.5000000,65.1300000,66.1500000,2308100
20160126,120000,66.2100000,66.4600000,65.9000000,66.2300000,1292400
20160126,130000,66.2600000,66.8600000,66.2000000,66.8400000,3565300
20160126,140000,66.8400000,67.2000000,66.7000000,67.1600000,1862300
20160126,150000,67.1700000,67.2500000,66.9000000,66.9500000,1497600
20160126,160000,67.0000000,67.2700000,66.9700000,67.0000000,1000800
20160126,170000,67.0500000,67.0600000,66.6200000,66.9700000,1172600
20160126,180000,66.9700000,67.3700000,66.8200000,66.9300000,1528400
20160126,190000,66.8900000,67.4000000,66.8900000,67.2100000,1053300
20160127,110000,67.4300000,67.7000000,67.1700000,67.4300000,1729400
20160127,120000,67.4300000,68.0300000,66.9800000,67.9200000,2659900
20160127,130000,67.9200000,69.0400000,67.9000000,68.5400000,3364400
20160127,140000,68.5800000,68.7900000,68.2100000,68.6000000,868900
20160127,150000,68.6000000,68.7400000,68.3700000,68.5700000,454500
20160127,160000,68.5600000,69.2700000,68.5600000,69.0000000,2241300
20160127,170000,68.9600000,69.2400000,68.8300000,69.0600000,1384900
20160127,180000,69.0600000,69.0800000,68.7100000,68.9300000,1558100
20160127,190000,68.9500000,69.0000000,68.4900000,68.8000000,1409600
20160128,110000,68.9900000,70.0000000,68.2900000,69.8900000,4269400
20160128,120000,69.8900000,69.9900000,69.0500000,69.7300000,3095000
20160128,130000,69.7500000,70.2100000,69.2800000,69.9200000,2395000
20160128,140000,69.9200000,70.1200000,69.0100000,69.1600000,2701000
20160128,150000,69.1300000,69.3000000,68.6000000,69.0900000,3600900
20160128,160000,69.0600000,69.0800000,67.3600000,68.4600000,7340700
20160128,170000,68.4600000,68.8000000,68.0600000,68.8000000,1241100
20160128,180000,68.8000000,69.4500000,68.4500000,69.3900000,2631400
20160128,190000,69.3900000,69.3900000,68.3100000,68.8900000,1699400
20160129,110000,69.6100000,70.4500000,69.2200000,69.7900000,4034300
20160129,120000,69.7900000,69.8000000,69.3300000,69.6500000,2965100
20160129,130000,69.6300000,69.6800000,68.6300000,68.9500000,2586400
20160129,140000,68.9400000,69.1300000,68.0800000,68.1500000,2020900
20160129,150000,68.1600000,68.4800000,68.0200000,68.3900000,840500
20160129,160000,68.4300000,68.9000000,68.3000000,68.6900000,981200
20160129,170000,68.7400000,68.9700000,68.5300000,68.9500000,247600
20160129,180000,68.9700000,69.6200000,68.8000000,69.5900000,1489500
20160129,190000,69.5900000,69.7000000,68.2900000,68.5000000,1673200
20160201,110000,68.6000000,68.8800000,67.7200000,68.2900000,1980200
20160201,120000,68.2600000,68.9400000,67.9700000,68.8000000,2175800
20160201,130000,68.7600000,69.2600000,68.6200000,69.0700000,1799300
20160201,140000,69.1100000,69.2700000,68.7800000,68.9500000,955600
20160201,150000,68.9500000,69.4000000,68.8800000,69.1300000,1726300
20160201,160000,69.1400000,69.3000000,68.7600000,69.2200000,1792200
20160201,170000,69.2200000,69.2500000,68.7700000,69.0800000,1037300
20160201,180000,69.0900000,69.3400000,68.8600000,69.0900000,1097500
20160201,190000,69.1500000,69.6700000,69.0600000,69.5000000,1644600
20160202,110000,68.9900000,69.9900000,68.8300000,69.9700000,2471200
20160202,120000,69.9700000,70.1100000,68.6000000,68.8500000,4277000
20160202,130000,68.8600000,68.9700000,68.2100000,68.6200000,2376800
20160202,140000,68.5900000,68.7000000,68.4700000,68.6000000,400200
20160202,150000,68.5600000,68.8600000,67.9000000,67.9600000,1623300
20160202,160000,67.9400000,67.9400000,67.1700000,67.6700000,3489900
20160202,170000,67.6400000,67.9000000,67.5200000,67.7200000,1131300
20160202,180000,67.6900000,68.1900000,67.6100000,67.8100000,1008100
20160202,190000,67.7300000,68.1000000,67.6300000,67.9600000,348900
20160203,110000,67.4200000,67.9500000,67.4000000,67.7600000,1380700
20160203,120000,67.7600000,68.8700000,67.7100000,68.8600000,2260300
20160203,130000,68.8600000,69.0000000,68.5500000,68.6900000,2056100
20160203,140000,68.6900000,68.8800000,68.5800000,68.6300000,460400
20160203,150000,68.5800000,69.1000000,68.5600000,68.7900000,1490400
20160203,160000,68.8200000,68.9500000,68.7200000,68.7300000,650600
20160203,170000,68.7300000,69.0000000,68.7100000,68.9800000,674500
20160203,180000,68.9900000,69.0500000,68.6800000,68.8200000,816500
20160203,190000,68.7800000,68.8400000,67.5800000,68.2500000,1944100
20160204,110000,69.8300000,70.3100000,69.2900000,69.4700000,6885700
20160204,120000,69.5000000,70.9800000,69.4800000,70.8300000,4515700
20160204,130000,70.8200000,71.4000000,70.8000000,70.9600000,4877900
20160204,140000,70.9700000,70.9800000,70.7200000,70.7600000,388700
20160204,150000,70.7500000,70.9600000,70.5500000,70.6000000,787600
20160204,160000,70.5900000,70.8200000,70.0800000,70.2000000,930400
20160204,170000,70.1700000,70.6000000,70.0900000,70.3100000,802000
20160204,180000,70.3200000,70.9800000,70.3200000,70.8800000,1373400
20160204,190000,70.8600000,70.9900000,70.5400000,70.7900000,1020300
20160205,110000,70.5400000,70.6900000,70.2100000,70.4500000,1277100
20160205,120000,70.4000000,70.5400000,70.0100000,70.3300000,2037700
20160205,130000,70.3000000,70.8800000,70.2000000,70.8600000,1027200
20160205,140000,70.8700000,71.1800000,70.7600000,70.9300000,1666400
20160205,150000,70.8700000,71.2000000,70.7100000,71.0900000,737500
20160205,160000,71.1000000,71.1800000,70.8300000,70.9400000,505700
20160205,170000,70.9600000,71.1500000,70.4500000,70.5500000,1355600
20160205,180000,70.5000000,70.9600000,70.4800000,70.7600000,1178700
20160205,190000,70.7500000,71.0900000,70.6900000,70.8900000,946200
20160208,110000,71.0300000,71.8000000,70.9700000,71.5700000,2169000
20160208,120000,71.5800000,71.6500000,71.3300000,71.6000000,1128600
20160208,130000,71.6000000,71.6000000,69.4600000,69.7100000,3734900
20160208,140000,69.7100000,69.8800000,69.1900000,69.2700000,2206200
20160208,150000,69.2700000,69.8700000,69.0700000,69.6600000,866400
20160208,160000,69.6500000,69.6700000,69.0700000,69.2300000,813400
20160208,170000,69.2300000,69.6000000,69.0900000,69.4900000,323900
20160208,180000,69.5200000,69.9500000,68.9300000,69.0200000,1471800
20160208,190000,69.0200000,69.1700000,68.6100000,69.0600000,1700600
20160209,110000,68.6500000,69.4200000,68.3400000,69.2300000,1747600
20160209,120000,69.2200000,69.8000000,68.7300000,69.5000000,1461500
20160209,130000,69.5000000,69.6900000,68.9000000,69.0200000,517900
20160209,140000,68.9800000,69.5900000,68.8500000,69.4100000,456700
20160209,150000,69.4500000,69.5600000,69.1100000,69.1100000,348000
20160209,160000,69.1100000,69.1100000,68.3200000,68.4400000,1300800
20160209,170000,68.4800000,68.8800000,68.2000000,68.3400000,698800
20160209,180000,68.3900000,68.8700000,68.2000000,68.7700000,1366900
20160209,190000,68.7000000,69.1400000,68.5700000,68.6500000,947800
20160210,110000,68.6500000,68.9000000,68.0300000,68.5900000,944700
20160210,120000,68.5700000,69.3000000,68.3600000,69.2800000,1196700
20160210,130000,69.2800000,69.5900000,69.0400000,69.3800000,995700
20160210,140000,69.3700000,69.4900000,68.5900000,69.4400000,793000
20160210,150000,69.4300000,69.5800000,68.9200000,69.2100000,773300
20160210,160000,69.2400000,69.3200000,68.9500000,69.2300000,324900
20160210,170000,69.2000000,69.3300000,68.8900000,69.1600000,356300
20160210,180000,69.1600000,69.3500000,68.3500000,68.8900000,1358800
20160210,190000,68.8400000,70.3300000,68.8300000,70.1100000,1997000
20160211,110000,69.4900000,69.8400000,68.8600000,69.0100000,1456800
20160211,120000,69.0100000,69.0100000,68.4600000,68.5200000,1484200
20160211,130000,68.5100000,68.5100000,68.0700000,68.2400000,1175800
20160211,140000,68.2300000,68.5500000,68.2000000,68.3000000,580000
20160211,150000,68.2600000,68.3000000,67.6700000,67.9000000,1321200
20160211,160000,67.8900000,68.0000000,67.5100000,67.7800000,1319300
20160211,170000,67.8300000,68.3000000,67.7700000,67.9700000,642900
20160211,180000,67.9300000,68.8500000,67.9100000,68.8500000,1608500
20160211,190000,68.8400000,68.8700000,68.2000000,68.2800000,888100
20160212,110000,68.9100000,69.1100000,68.4500000,68.7400000,1500500
20160212,120000,68.7600000,69.3700000,68.5600000,69.3000000,1974800
20160212,130000,69.3100000,69.5700000,68.5100000,69.4200000,2007500
20160212,140000,69.4300000,69.4700000,69.1100000,69.2800000,361300
20160212,150000,69.2800000,69.4800000,69.2100000,69.3700000,478000
20160212,160000,69.3100000,69.3400000,68.9600000,69.2500000,395600
20160212,170000,69.2700000,69.4700000,69.1100000,69.3500000,704100
20160212,180000,69.3900000,69.6300000,69.2700000,69.3100000,569900
20160212,190000,69.2700000,69.4500000,69.1500000,69.3000000,390800
20160215,110000,69.8600000,70.5000000,69.6600000,70.1600000,1816900
20160215,120000,70.1700000,70.4000000,69.7700000,69.8500000,1222100
20160215,130000,69.8000000,70.1500000,69.7000000,70.0500000,618400
20160215,140000,70.0400000,70.4700000,69.8600000,70.2700000,747200
20160215,150000,70.3000000,70.4800000,70.0700000,70.0800000,551400
20160215,160000,70.0600000,70.1900000,69.8000000,70.0500000,314900
20160215,170000,70.0900000,70.1000000,69.7900000,70.0600000,464200
20160215,180000,70.0400000,70.0700000,69.5000000,69.7300000,807700
20160215,190000,69.7300000,69.7700000,69.2900000,69.3200000,615900
20160216,110000,70.0000000,70.4900000,70.0000000,70.1900000,1602600
20160216,120000,70.1900000,70.3500000,69.9000000,70.1500000,1572300
20160216,130000,70.0700000,70.0900000,69.3600000,69.7000000,1033100
20160216,140000,69.7000000,69.7200000,69.0700000,69.2200000,1001800
20160216,150000,69.2300000,69.5100000,69.2200000,69.4900000,487200
20160216,160000,69.5000000,69.8000000,69.4300000,69.5100000,502100
20160216,170000,69.5000000,69.5600000,69.2400000,69.5600000,679200
20160216,180000,69.5800000,69.7500000,69.5100000,69.6000000,321400
20160216,190000,69.6200000,69.7200000,69.5000000,69.6200000,532800
20160217,110000,69.8200000,70.1700000,69.4200000,69.7300000,989500
20160217,120000,69.7500000,70.2600000,69.7000000,70.2100000,1061700
20160217,130000,70.2000000,70.3000000,70.0100000,70.2900000,891600
20160217,140000,70.3000000,70.3600000,69.9500000,70.0200000,697400
20160217,150000,70.0300000,70.2000000,70.0200000,70.1300000,294500
20160217,160000,70.1700000,70.4300000,70.0200000,70.3600000,654600
20160217,170000,70.4100000,70.9500000,70.3300000,70.7600000,1171700
20160217,180000,70.7400000,71.4300000,70.7400000,71.1500000,3197700
20160217,190000,71.2300000,71.6800000,71.2100000,71.2900000,1000100
20160218,110000,71.9000000,72.5400000,71.7200000,72.5200000,4615200
20160218,120000,72.5200000,72.7800000,72.2500000,72.3400000,1857800
20160218,130000,72.3300000,72.7000000,72.1100000,72.2100000,1899200
20160218,140000,72.2300000,72.8300000,71.9700000,72.7800000,1483000
20160218,150000,72.7900000,73.1500000,72.4800000,72.9600000,1627900
20160218,160000,73.0000000,73.3800000,72.7300000,72.9900000,1597100
20160218,170000,72.9900000,73.2500000,72.5300000,73.2400000,841100
20160218,180000,73.2400000,73.3000000,73.0200000,73.1200000,664800
20160218,190000,73.1200000,73.3200000,73.0000000,73.2500000,438000
20160219,110000,72.4800000,72.7500000,72.0400000,72.6100000,1737800
20160219,120000,72.5900000,72.8700000,72.5500000,72.7700000,790700
20160219,130000,72.8400000,72.8600000,72.1000000,72.4300000,1045000
20160219,140000,72.4100000,72.4400000,72.1800000,72.3900000,296700
20160219,150000,72.3900000,72.7800000,72.2200000,72.6700000,412500
20160219,160000,72.6600000,73.2800000,72.4600000,73.2300000,1779200
20160219,170000,73.2700000,73.3700000,72.5300000,72.6800000,931700
20160219,180000,72.6700000,72.9000000,72.2700000,72.3400000,939500
20160219,190000,72.3200000,72.3400000,71.6100000,71.9300000,2159300
20160220,110000,72.3600000,72.3600000,72.0900000,72.3000000,292000
20160220,120000,72.2400000,72.2400000,72.1500000,72.1500000,75800
20160220,130000,72.1500000,72.2500000,72.1500000,72.1900000,62500
20160220,140000,72.1700000,72.5600000,72.1600000,72.5500000,354900
20160220,150000,72.5500000,72.5900000,72.3600000,72.4000000,211000
20160220,160000,72.3900000,72.4700000,72.3700000,72.4700000,37400
20160220,170000,72.4700000,72.6000000,72.4400000,72.6000000,118800
20160220,180000,72.6000000,72.6900000,72.5600000,72.6300000,142000
20160220,190000,72.5800000,72.6300000,72.4200000,72.6300000,179800
20160222,110000,72.8200000,73.7000000,72.5100000,73.5900000,756000
20160222,120000,73.6700000,73.7800000,73.3400000,73.4200000,272300
20160222,130000,73.4800000,73.6400000,73.2000000,73.5200000,191000
20160222,140000,73.5900000,73.7000000,73.2900000,73.4000000,171700
20160222,150000,73.3700000,73.7600000,73.3400000,73.7100000,315200
20160222,160000,73.7300000,73.7500000,72.5100000,73.0400000,859400
20160222,170000,73.0000000,73.2600000,72.8400000,73.2600000,391200
20160222,180000,73.2600000,73.4900000,72.5700000,73.1700000,827600
20160222,190000,73.1800000,73.6000000,73.0100000,73.6000000,493700
20160224,110000,72.8300000,72.8900000,72.3400000,72.5100000,1184100
20160224,120000,72.5100000,73.0000000,72.4200000,72.9600000,739700
20160224,130000,72.9200000,72.9200000,72.3600000,72.4200000,846100
20160224,140000,72.4100000,72.5200000,72.2300000,72.2600000,690900
20160224,150000,72.2600000,72.6400000,71.9100000,71.9700000,973000
20160224,160000,71.9600000,72.2800000,71.8100000,72.2100000,578200
20160224,170000,72.1700000,72.3200000,71.9200000,72.2000000,309900
20160224,180000,72.2000000,72.3000000,71.8500000,72.0100000,356000
20160224,190000,72.0200000,72.3400000,71.9700000,72.3400000,509300
20160225,110000,72.7200000,72.9400000,71.8000000,72.3300000,1101400
20160225,120000,72.2800000,72.5200000,71.8200000,72.3800000,766800
20160225,130000,72.3800000,73.6400000,72.3100000,73.6000000,1990100
20160225,140000,73.6400000,74.0400000,73.6400000,73.8500000,2655300
20160225,150000,73.8700000,73.9300000,73.6000000,73.7800000,974000
20160225,160000,73.7900000,73.8200000,73.4200000,73.4700000,541500
20160225,170000,73.4800000,73.7400000,73.4100000,73.7000000,289000
20160225,180000,73.6900000,73.8700000,73.1900000,73.4200000,570100
20160225,190000,73.3500000,73.8700000,73.0800000,73.7600000,618600
20160226,110000,74.3300000,74.8900000,74.2000000,74.7100000,1807400
20160226,120000,74.6700000,75.1800000,74.6200000,75.0400000,3257800
20160226,130000,75.0200000,75.5600000,75.0200000,75.5300000,1380900
20160226,140000,75.5300000,75.6900000,75.4100000,75.6300000,915200
20160226,150000,75.6300000,75.6900000,75.2800000,75.4200000,654200
20160226,160000,75.4000000,75.4000000,75.0900000,75.3500000,412500
20160226,170000,75.3600000,75.6900000,75.3400000,75.4500000,730000
20160226,180000,75.4700000,75.5400000,75.1100000,75.2300000,425900
20160226,190000,75.1800000,75.2500000,74.8600000,75.2100000,1165400
20160229,110000,74.7100000,74.9400000,74.3500000,74.9000000,1026500
20160229,120000,74.8800000,75.4500000,74.7900000,75.1600000,1101600
20160229,130000,75.1300000,75.3800000,74.8100000,75.3700000,521100
20160229,140000,75.3600000,75.8100000,75.3600000,75.6900000,777000
20160229,150000,75.6900000,75.7400000,75.3500000,75.5400000,197300
20160229,160000,75.5000000,75.5400000,75.1400000,75.2200000,406200
20160229,170000,75.2500000,75.7000000,75.1100000,75.5500000,500200
20160229,180000,75.5800000,75.8500000,75.4000000,75.7200000,680900
20160229,190000,75.7100000,76.9000000,75.6700000,76.9000000,2041200
20160301,110000,77.0400000,77.6500000,76.7700000,77.2800000,1892300
20160301,120000,77.2800000,77.9500000,77.0500000,77.6200000,1837600
20160301,130000,77.6500000,77.6500000,76.7800000,77.0900000,1247500
20160301,140000,77.0900000,77.5700000,77.0000000,77.2500000,764700
20160301,150000,77.2800000,77.4000000,76.8700000,76.9900000,329100
20160301,160000,77.0400000,77.3100000,76.6300000,77.1800000,608400
20160301,170000,77.1200000,77.7500000,77.0300000,77.5000000,769400
20160301,180000,77.5000000,77.5500000,76.9100000,77.3300000,743600
20160301,190000,77.3200000,77.5000000,77.2200000,77.3100000,548900
20160302,110000,78.2100000,78.2900000,77.6100000,77.7000000,982200
20160302,120000,77.6200000,77.7300000,77.1500000,77.3500000,709100
20160302,130000,77.3000000,77.3100000,76.4100000,76.6600000,1341400
20160302,140000,76.6200000,76.8500000,76.3200000,76.7000000,473300
20160302,150000,76.7000000,76.8000000,76.4000000,76.7100000,281800
20160302,160000,76.6600000,77.0000000,76.5200000,76.7500000,307600
20160302,170000,76.8400000,76.8400000,76.3500000,76.3900000,608700
20160302,180000,76.3900000,76.4800000,75.8300000,76.2900000,1088300
20160302,190000,76.2400000,76.4300000,75.2000000,75.2000000,1909500
20160303,110000,75.6300000,76.0900000,75.5400000,75.8900000,914400
20160303,120000,75.9300000,76.3800000,75.9000000,75.9400000,781900
20160303,130000,75.9000000,76.2800000,75.8600000,76.2100000,452400
20160303,140000,76.2100000,76.4900000,76.1500000,76.4600000,681200
20160303,150000,76.4600000,76.4600000,76.1000000,76.2100000,225100
20160303,160000,76.2000000,76.3300000,75.9200000,76.2500000,381200
20160303,170000,76.2500000,76.5900000,75.3300000,75.3700000,1448900
20160303,180000,75.3500000,75.6700000,75.0000000,75.2900000,991300
20160303,190000,75.3100000,75.8000000,75.0500000,75.8000000,810500
20160304,110000,76.1000000,76.4300000,75.7000000,75.8500000,1245000
20160304,120000,75.8400000,76.3600000,75.7700000,76.2300000,545300
20160304,130000,76.2300000,76.2700000,75.8500000,76.0000000,337500
20160304,140000,75.9600000,76.4000000,75.9400000,76.3700000,456100
20160304,150000,76.3600000,76.5500000,76.2000000,76.4700000,686500
20160304,160000,76.5300000,76.7900000,76.4300000,76.6000000,691800
20160304,170000,76.6500000,76.7300000,76.2700000,76.3600000,405000
20160304,180000,76.3700000,76.6500000,76.3100000,76.4600000,723600
20160304,190000,76.4800000,76.8700000,76.4200000,76.8200000,1114000
20160307,110000,77.4100000,77.6800000,77.1500000,77.3500000,641100
20160307,120000,77.3400000,77.8200000,77.2100000,77.5900000,572800
20160307,130000,77.5900000,77.7700000,77.3700000,77.4700000,280100
20160307,140000,77.4600000,77.7700000,77.4500000,77.7200000,567800
20160307,150000,77.7400000,77.7600000,77.4100000,77.5600000,262800
20160307,160000,77.5600000,77.7700000,77.4700000,77.6400000,252100
20160307,170000,77.7000000,77.7600000,77.5000000,77.5600000,385200
20160307,180000,77.5600000,77.7100000,77.4900000,77.5200000,972500
20160307,190000,77.5300000,77.8400000,77.5000000,77.8200000,709400
20160309,110000,77.5000000,77.6000000,76.7700000,76.7700000,1153300
20160309,120000,76.7600000,76.9500000,76.4000000,76.7000000,699500
20160309,130000,76.7300000,77.0700000,76.5400000,76.5600000,740400
20160309,140000,76.6000000,76.6500000,76.3400000,76.4300000,1020200
20160309,150000,76.4300000,76.5400000,76.3600000,76.5400000,592900
20160309,160000,76.5100000,76.6700000,76.3100000,76.3300000,1357100
20160309,170000,76.3300000,76.9800000,76.3100000,76.3900000,1233200
20160309,180000,76.4700000,76.5500000,76.3100000,76.4800000,733400
20160309,190000,76.4500000,76.5100000,76.0300000,76.5100000,1076200
20160310,110000,76.5100000,76.5700000,76.0800000,76.3800000,737300
20160310,120000,76.3800000,77.0300000,76.3800000,76.9900000,1404300
20160310,130000,77.0000000,77.2100000,76.6800000,76.8700000,1421900
20160310,140000,76.8700000,76.9900000,76.2800000,76.4100000,525700
20160310,150000,76.4200000,76.7900000,76.4100000,76.5800000,1099600
20160310,160000,76.5900000,76.7000000,76.4100000,76.5000000,729400
20160310,170000,76.4400000,76.8200000,76.4200000,76.5000000,1487000
20160310,180000,76.5000000,76.6000000,75.7000000,75.8800000,1967500
20160310,190000,75.8700000,76.0100000,75.5500000,75.5600000,1631400
20160311,110000,76.0100000,76.3000000,75.8300000,76.2400000,1299100
20160311,120000,76.2400000,76.7500000,76.1400000,76.7400000,2285200
20160311,130000,76.7300000,76.8100000,76.4500000,76.6400000,717700
20160311,140000,76.6400000,77.1500000,76.6200000,76.9200000,1840800
20160311,150000,76.9200000,77.0000000,76.7200000,77.0000000,671000
20160311,160000,76.9900000,77.7600000,76.9500000,77.1000000,3121600
20160311,170000,77.1000000,77.2000000,76.2700000,76.4200000,3451000
20160311,180000,76.4000000,77.1900000,76.3000000,77.1400000,1037400
20160311,190000,77.1400000,77.1500000,76.9100000,77.0300000,779700
20160314,110000,77.2000000,77.2000000,76.5500000,76.9600000,899600
20160314,120000,76.9900000,77.0600000,76.4500000,76.5900000,911100
20160314,130000,76.5900000,76.8800000,76.5200000,76.8000000,568500
20160314,140000,76.8000000,76.8800000,76.4000000,76.5200000,609100
20160314,150000,76.5300000,76.5300000,76.1000000,76.3600000,828200
20160314,160000,76.3600000,76.4000000,75.8800000,75.9500000,718900
20160314,170000,75.9100000,76.5900000,75.9000000,76.2000000,706500
20160314,180000,76.1700000,76.5800000,75.7700000,76.4300000,1666400
20160314,190000,76.4900000,76.9600000,76.4300000,76.8000000,891300
20160315,110000,77.1300000,77.4500000,76.8500000,77.1100000,1294300
20160315,120000,77.1200000,77.3500000,76.9000000,77.0200000,2115400
20160315,130000,77.0200000,77.2100000,76.8000000,77.1200000,510300
20160315,140000,77.1200000,77.5000000,76.8700000,77.2200000,942300
20160315,150000,77.2600000,77.3000000,76.5000000,76.6700000,1198500
20160315,160000,76.6600000,76.8500000,76.3100000,76.8100000,3045200
20160315,170000,76.7500000,76.8200000,75.8100000,75.8100000,1167600
20160315,180000,75.8500000,76.0900000,75.6200000,75.8700000,1209800
20160315,190000,75.9000000,76.0400000,75.6200000,75.6200000,934400
20160316,110000,76.0000000,76.4300000,75.8600000,76.4300000,1211500
20160316,120000,76.3900000,76.4300000,75.9800000,76.3100000,3490700
20160316,130000,76.3100000,76.8700000,76.3000000,76.6300000,1972300
20160316,140000,76.5800000,76.9700000,76.4500000,76.7900000,827000
20160316,150000,76.7600000,76.9400000,76.7600000,76.8100000,247800
20160316,160000,76.8400000,76.8900000,76.4700000,76.5800000,698400
20160316,170000,76.4900000,76.8700000,76.4100000,76.8000000,508300
20160316,180000,76.8000000,77.4000000,76.7800000,77.1200000,1630000
20160316,190000,77.1800000,77.2900000,76.9700000,77.0000000,450300
20160317,110000,77.5800000,78.5400000,77.3000000,78.4300000,3745800
20160317,120000,78.4200000,78.7400000,78.1300000,78.5900000,2546800
20160317,130000,78.6000000,78.6400000,78.0300000,78.3400000,1241800
20160317,140000,78.3000000,78.5000000,77.9100000,78.1400000,2530900
20160317,150000,78.1400000,78.5000000,77.9800000,78.1100000,3148200
20160317,160000,78.1200000,78.2000000,77.7700000,77.9400000,830700
20160317,170000,77.9200000,78.4500000,77.8000000,78.3500000,1376400
20160317,180000,78.3300000,78.5000000,78.2200000,78.4400000,1001800
20160317,190000,78.4400000,78.5000000,78.3400000,78.4500000,752900
20160318,110000,78.4500000,78.6500000,78.1000000,78.2400000,711700
20160318,120000,78.2600000,79.3800000,78.2500000,79.2200000,2475900
20160318,130000,79.2500000,79.4800000,79.1700000,79.2800000,1945200
20160318,140000,79.2900000,80.0700000,78.9200000,79.8400000,2564300
20160318,150000,79.8400000,80.1700000,79.6500000,79.8600000,1368800
20160318,160000,79.8400000,80.0000000,79.7000000,79.8400000,835800
20160318,170000,79.8700000,79.9400000,79.7000000,79.8500000,290400
20160318,180000,79.8900000,79.9100000,79.6200000,79.7900000,1286100
20160318,190000,79.7800000,79.9100000,79.7000000,79.7000000,1178200
20160321,110000,79.3000000,79.3600000,78.3300000,78.9500000,2144600
20160321,120000,78.9100000,79.7000000,78.7700000,79.4200000,1576000
20160321,130000,79.3600000,79.4700000,78.8500000,79.1000000,856300
20160321,140000,79.1000000,79.1600000,78.6600000,78.7700000,834700
20160321,150000,78.7800000,78.9800000,78.6300000,78.8600000,873400
20160321,160000,78.8300000,79.0600000,78.5500000,78.6800000,878800
20160321,170000,78.6800000,79.2000000,78.6400000,79.1200000,659700
20160321,180000,79.1900000,79.6900000,79.0100000,79.3900000,1519900
20160321,190000,79.3900000,79.8400000,79.3300000,79.8100000,1219500
20160322,110000,79.7100000,80.6400000,79.6500000,80.2800000,1656900
20160322,120000,80.2800000,80.3000000,79.2800000,79.8600000,2750300
20160322,130000,79.8700000,80.0600000,79.5000000,79.5300000,768800
20160322,140000,79.5300000,79.7300000,79.2000000,79.3900000,966500
20160322,150000,79.3900000,79.6600000,79.2800000,79.3500000,407300
20160322,160000,79.3400000,79.7000000,79.0100000,79.6400000,1652700
20160322,170000,79.6900000,79.7200000,79.2500000,79.6000000,845300
20160322,180000,79.6600000,80.2300000,79.3300000,80.2300000,1323300
20160322,190000,80.2400000,80.3500000,79.9600000,80.0300000,957500
20160323,110000,79.5000000,79.8800000,79.3100000,79.8300000,763400
20160323,120000,79.8800000,80.1400000,79.6200000,79.9600000,1353300
20160323,130000,79.9600000,79.9600000,79.6700000,79.8200000,1590000
20160323,140000,79.7700000,80.2500000,79.7500000,80.0500000,1556500
20160323,150000,80.0600000,80.3000000,79.8600000,79.9700000,675200
20160323,160000,79.8900000,79.8900000,79.2300000,79.2700000,1370000
20160323,170000,79.2700000,79.2700000,78.5600000,78.6000000,1619600
20160323,180000,78.5600000,78.8100000,78.3400000,78.6300000,784300
20160323,190000,78.6300000,79.0000000,78.6200000,78.9300000,762600
20160324,110000,78.4000000,78.6500000,77.9100000,78.0200000,2023600
20160324,120000,78.0400000,78.5800000,77.9100000,78.0800000,1529300
20160324,130000,78.0500000,78.4400000,77.9100000,78.4000000,710500
20160324,140000,78.4100000,78.5000000,78.1800000,78.2200000,219100
20160324,150000,78.2100000,78.6800000,78.1800000,78.5500000,487900
20160324,160000,78.5200000,78.7500000,78.4800000,78.5900000,917200
20160324,170000,78.5800000,78.6300000,77.9100000,78.4700000,1073400
20160324,180000,78.5100000,78.9200000,78.1000000,78.6800000,1136600
20160324,190000,78.6900000,78.8400000,78.4300000,78.7500000,573200
20160325,110000,79.0000000,79.5000000,79.0000000,79.2800000,700300
20160325,120000,79.3500000,79.4000000,78.9400000,79.0200000,303800
20160325,130000,79.0200000,79.1900000,78.9600000,79.0300000,149500
20160325,140000,79.0400000,79.2700000,79.0200000,79.1500000,157600
20160325,150000,79.1400000,79.2700000,79.0400000,79.1900000,130100
20160325,160000,79.1900000,79.2400000,79.0900000,79.2300000,69900
20160325,170000,79.1800000,79.3900000,79.1800000,79.3600000,446900
20160325,180000,79.3600000,79.7600000,79.3600000,79.6200000,798600
20160325,190000,79.6200000,79.8000000,79.0700000,79.6500000,864600
20160328,110000,79.8800000,80.2500000,79.7300000,79.7600000,617100
20160328,120000,79.8200000,79.8500000,79.3500000,79.4800000,431000
20160328,130000,79.4200000,79.4200000,79.0000000,79.0500000,492900
20160328,140000,79.0400000,79.3000000,79.0200000,79.2000000,339000
20160328,150000,79.2000000,79.5000000,78.7800000,78.8500000,652900
20160328,160000,78.8400000,79.0000000,78.7000000,78.7800000,411400
20160328,170000,78.7800000,78.8700000,78.4700000,78.6900000,982700
20160328,180000,78.6300000,78.7000000,78.5500000,78.6800000,593300
20160328,190000,78.6400000,78.7700000,78.5700000,78.6500000,610500
20160329,110000,78.5000000,78.7500000,77.8300000,78.1700000,1076300
20160329,120000,78.1600000,78.3400000,78.0500000,78.1100000,377900
20160329,130000,78.1300000,78.1300000,77.5400000,77.5700000,1536200
20160329,140000,77.5600000,77.6500000,77.3500000,77.3700000,1653500
20160329,150000,77.3700000,77.3700000,76.9000000,76.9700000,738600
20160329,160000,76.9300000,77.3300000,76.7600000,77.2800000,1244900
20160329,170000,77.1700000,77.3300000,77.0200000,77.2000000,151800
20160329,180000,77.2200000,77.5300000,77.2200000,77.4100000,443400
20160329,190000,77.4100000,77.6000000,77.3500000,77.6000000,253100
20160330,110000,78.3700000,78.7400000,78.1400000,78.4400000,1060500
20160330,120000,78.4400000,78.7300000,78.4400000,78.6500000,488100
20160330,130000,78.6800000,78.8900000,78.5100000,78.8500000,344800
20160330,140000,78.8800000,79.3200000,78.8200000,78.9500000,802700
20160330,150000,78.9400000,79.2500000,78.9300000,79.1400000,329000
20160330,160000,79.1400000,79.2300000,78.9400000,79.0900000,219200
20160330,170000,79.0900000,79.4000000,78.9200000,79.2600000,745600
20160330,180000,79.2800000,79.2800000,78.9800000,79.0900000,467000
20160330,190000,79.0900000,79.1500000,78.9000000,79.0900000,791100
20160331,110000,78.6500000,78.6500000,77.6200000,77.6600000,1875700
20160331,120000,77.6500000,78.2300000,77.5100000,78.0200000,1028800
20160331,130000,78.0500000,78.4400000,77.7300000,78.3200000,1144800
20160331,140000,78.3900000,78.6300000,78.0200000,78.5400000,611800
20160331,150000,78.5400000,78.9700000,78.4500000,78.9000000,1226400
20160331,160000,78.9000000,79.0000000,78.5400000,78.6300000,490900
20160331,170000,78.6000000,78.9500000,78.2000000,78.8600000,847600
20160331,180000,78.7900000,79.2900000,78.5500000,78.6100000,1278300
20160331,190000,78.6000000,79.0900000,78.4300000,79.0900000,1011100
