,Квантиль,Значение
0,0.001,1.0036114765170345
1,0.002,1.0097159807218237
2,0.003,1.0152755377273774
3,0.004,1.0200743217837331
4,0.005,1.0241691759826215
5,0.006,1.027251920112339
6,0.007,1.0290462347526261
7,0.008,1.0311479295783628
8,0.009000000000000001,1.0325325572840247
9,0.010000000000000002,1.0334862736462758
10,0.011,1.0348620979179959
11,0.012,1.0366654512985645
12,0.013000000000000001,1.0379595587711006
13,0.014000000000000002,1.03914594394862
14,0.015,1.0407499190977423
15,0.016,1.041747469484902
16,0.017,1.0426862835640005
17,0.018000000000000002,1.0437488144370652
18,0.019000000000000003,1.044567692552464
19,0.02,1.0454420285364812
20,0.021,1.0463075311396974
21,0.022000000000000002,1.0469423918497234
22,0.023,1.0474740745586049
23,0.024,1.0482789977513685
24,0.025,1.0489420884444356
25,0.026000000000000002,1.0497186058697685
26,0.027000000000000003,1.0503037853091794
27,0.028,1.0507893739773404
28,0.029,1.0511498088155633
29,0.030000000000000002,1.0517790174467694
30,0.031,1.052494032714087
31,0.032,1.053211429789928
32,0.033,1.0540094349509153
33,0.034,1.054621615394942
34,0.035,1.0550233261732114
35,0.036000000000000004,1.0555358115569242
36,0.037000000000000005,1.0561765052029566
37,0.038,1.0566697761717692
38,0.039,1.0571437267396235
39,0.04,1.0574387779366732
40,0.041,1.0578378930412862
41,0.042,1.0581311183535698
42,0.043000000000000003,1.0584882743819775
43,0.044000000000000004,1.0586704665760744
44,0.045,1.059013988014136
45,0.046,1.0595918685380872
46,0.047,1.0598662168790547
47,0.048,1.0603555230353399
48,0.049,1.0608221320756008
49,0.05,1.061130240259242
50,0.051000000000000004,1.0616836946765316
51,0.052000000000000005,1.061952112161743
52,0.053000000000000005,1.0623455023775135
53,0.054,1.062584664576948
54,0.055,1.0630998047994291
55,0.056,1.0634101958269813
56,0.057,1.064191368308215
57,0.058,1.064756511020341
58,0.059000000000000004,1.0651051295739504
59,0.060000000000000005,1.0653506895234899
60,0.061,1.06576989389169
61,0.062,1.0660441817841404
62,0.063,1.0662764953255346
63,0.064,1.0664824758710572
64,0.065,1.0666703350186293
65,0.066,1.0668900676012305
66,0.067,1.067105844957216
67,0.068,1.0674599997268273
68,0.069,1.0677359691648147
69,0.07,1.0679937649056255
70,0.07100000000000001,1.0682166106845439
71,0.07200000000000001,1.0685583020122074
72,0.07300000000000001,1.06881900532755
73,0.074,1.0690409426161662
74,0.075,1.0692891930275477
75,0.076,1.0695271172777387
76,0.077,1.0697543194263408
77,0.078,1.0700102473618975
78,0.079,1.070269459145105
79,0.08,1.0703664163485789
80,0.081,1.0707626220567446
81,0.082,1.071162173196898
82,0.083,1.0715562859396859
83,0.084,1.07177273249777
84,0.085,1.0720936693607854
85,0.08600000000000001,1.072366126942403
86,0.08700000000000001,1.072600825825878
87,0.08800000000000001,1.07280174826462
88,0.089,1.0730408885551381
89,0.09,1.073439614589767
90,0.091,1.0736673595357296
91,0.092,1.0738791254531952
92,0.093,1.074129088261754
93,0.094,1.0742574580448379
94,0.095,1.0744274569169345
95,0.096,1.0747246386553861
96,0.097,1.0749949422238487
97,0.098,1.0753042403077226
98,0.099,1.075562557155951
99,0.1,1.075718469483741
100,0.101,1.075918288121521
101,0.10200000000000001,1.0760893345331577
102,0.10300000000000001,1.0763307050531274
103,0.10400000000000001,1.076464967912167
104,0.10500000000000001,1.0766419831530758
105,0.106,1.0768545322995584
106,0.107,1.07709086407794
107,0.108,1.0772706966096453
108,0.109,1.077424265032663
109,0.11,1.0776834675947353
110,0.111,1.0778459642435496
111,0.112,1.078203873504104
112,0.113,1.0783131338823684
113,0.114,1.0785038870868853
114,0.115,1.078694474069935
115,0.116,1.0788621951310025
116,0.117,1.0790986827991154
117,0.11800000000000001,1.0792874823903675
118,0.11900000000000001,1.0794126069576608
119,0.12000000000000001,1.0795243680042146
120,0.121,1.079917786072856
121,0.122,1.0801084823585994
122,0.123,1.080363944525763
123,0.124,1.0805832264892743
124,0.125,1.0807756005470108
125,0.126,1.0810726121288203
126,0.127,1.0812561935078504
127,0.128,1.0815126591361106
128,0.129,1.0817469163697362
129,0.13,1.0819298083767561
130,0.131,1.0821131120433565
131,0.132,1.0823130985883858
132,0.133,1.0824890105576965
133,0.134,1.082678087946406
134,0.135,1.0829193960761054
135,0.136,1.08312263259339
136,0.137,1.0833113857324714
137,0.138,1.0834365677045938
138,0.139,1.0836276387948836
139,0.14,1.083876004857447
140,0.14100000000000001,1.0840915654089192
141,0.14200000000000002,1.0843362170001414
142,0.14300000000000002,1.0845421981805714
143,0.14400000000000002,1.084960307388537
144,0.14500000000000002,1.0851559335096737
145,0.146,1.0852660288562381
146,0.147,1.085431994158525
147,0.148,1.0856948304397327
148,0.149,1.0858408359826504
149,0.15,1.0860099262546183
150,0.151,1.0861308679309842
151,0.152,1.0862810351743704
152,0.153,1.0864921623029715
153,0.154,1.086595031023044
154,0.155,1.0866906030449095
155,0.156,1.0868340643064789
156,0.157,1.0869932353102467
157,0.158,1.0871412889884224
158,0.159,1.0873601041768441
159,0.16,1.087565510862104
160,0.161,1.0877867750574435
161,0.162,1.0879031727333826
162,0.163,1.0880647637278738
163,0.164,1.0882939211612304
164,0.165,1.0884350361850341
165,0.166,1.0887321747313403
166,0.167,1.0889359571058632
167,0.168,1.0890527286144678
168,0.169,1.0891798312062713
169,0.17,1.0893663116668402
170,0.171,1.0895237657146681
171,0.17200000000000001,1.08968169070046
172,0.17300000000000001,1.0898094381543817
173,0.17400000000000002,1.089989573889585
174,0.17500000000000002,1.0901119131225012
175,0.17600000000000002,1.0902962241540761
176,0.177,1.090601540522878
177,0.178,1.0907714888982758
178,0.179,1.090953796313324
179,0.18,1.0910872084458505
180,0.181,1.0912612997607556
181,0.182,1.0913687352735586
182,0.183,1.0914811680862668
183,0.184,1.0916491018716
184,0.185,1.0917880293614768
185,0.186,1.0919030538589363
186,0.187,1.0921100054183857
187,0.188,1.0922268768852652
188,0.189,1.0923717013389969
189,0.19,1.0925168698226064
190,0.191,1.0926880103187855
191,0.192,1.092815268808898
192,0.193,1.092963940372822
193,0.194,1.0931650368884966
194,0.195,1.0932726652245315
195,0.196,1.0934078227382855
196,0.197,1.093608618301623
197,0.198,1.0937339810276483
198,0.199,1.093847533861961
199,0.2,1.0939351488382512
200,0.201,1.0940460546405335
201,0.202,1.0941809482866383
202,0.203,1.0943171425365479
203,0.20400000000000001,1.094471285832285
204,0.20500000000000002,1.0946278934375513
205,0.20600000000000002,1.0947338768413537
206,0.20700000000000002,1.0949341743370729
207,0.20800000000000002,1.0950395204457382
208,0.20900000000000002,1.0951297037957282
209,0.21,1.0952811018338366
210,0.211,1.0954601056361648
211,0.212,1.0956111389265897
212,0.213,1.0957530918993967
213,0.214,1.0958820702928862
214,0.215,1.096028649126696
215,0.216,1.0962632436792907
216,0.217,1.096388900693073
217,0.218,1.0964981725145762
218,0.219,1.0967068407113276
219,0.22,1.0968675698883021
220,0.221,1.0971102657428182
221,0.222,1.097244849115885
222,0.223,1.0974309686461996
223,0.224,1.0975777962900497
224,0.225,1.0976438312933188
225,0.226,1.0977439900062316
226,0.227,1.0978566080772247
227,0.228,1.0979746948865843
228,0.229,1.0980854930832895
229,0.23,1.098198077636211
230,0.231,1.0984605301526598
231,0.232,1.098640786382525
232,0.233,1.0987582624639547
233,0.234,1.0989089735254243
234,0.23500000000000001,1.0989877455362487
235,0.23600000000000002,1.0990656899109918
236,0.23700000000000002,1.099176109727453
237,0.23800000000000002,1.0993586970472982
238,0.23900000000000002,1.0994413049562426
239,0.24000000000000002,1.09956017698083
240,0.241,1.0996577849690166
241,0.242,1.0997496307941121
242,0.243,1.0998100670889315
243,0.244,1.0998991019211957
244,0.245,1.0999863112536512
245,0.246,1.100198668160162
246,0.247,1.1002864609482799
247,0.248,1.1004142494480635
248,0.249,1.1005819158748964
249,0.25,1.1006947787202292
250,0.251,1.1008764201415029
251,0.252,1.1010209184579507
252,0.253,1.1011142377467635
253,0.254,1.101246710537719
254,0.255,1.1013395488500057
255,0.256,1.1014405595826087
256,0.257,1.101578750986236
257,0.258,1.101719733386664
258,0.259,1.101820331356397
259,0.26,1.101919043797911
260,0.261,1.102075622630006
261,0.262,1.1022350626954576
262,0.263,1.102336927813831
263,0.264,1.102427625391476
264,0.265,1.102588429119657
265,0.266,1.102740629801389
266,0.267,1.1028237522981863
267,0.268,1.1029708968074985
268,0.269,1.1030872472764006
269,0.27,1.1032514589569393
270,0.271,1.1033719631423158
271,0.272,1.1034447494685253
272,0.273,1.1036502155023171
273,0.274,1.1038227077685616
274,0.275,1.1038886785735185
275,0.276,1.104008437487352
276,0.277,1.104173045578604
277,0.278,1.1042401021158939
278,0.279,1.1043645580954007
279,0.28,1.1044571222932469
280,0.281,1.1046591938788015
281,0.28200000000000003,1.104815898932566
282,0.28300000000000003,1.104917794099355
283,0.28400000000000003,1.1050785562041159
284,0.28500000000000003,1.1051908118736833
285,0.28600000000000003,1.105273060723982
286,0.28700000000000003,1.105399692024493
287,0.28800000000000003,1.1054883549806738
288,0.28900000000000003,1.1056241636528281
289,0.29,1.1057339526547407
290,0.291,1.1058817938787815
291,0.292,1.1060593897348663
292,0.293,1.1061665671206207
293,0.294,1.1062872911272417
294,0.295,1.1065888562078239
295,0.296,1.10673457605731
296,0.297,1.106861775695463
297,0.298,1.1069854513320794
298,0.299,1.1070844026303996
299,0.3,1.1072278037387921
300,0.301,1.1073028346633644
301,0.302,1.1074509512135138
302,0.303,1.1075087636108198
303,0.304,1.1076324326637428
304,0.305,1.1077225119611858
305,0.306,1.1078248991216464
306,0.307,1.1079772107331558
307,0.308,1.1081980005222087
308,0.309,1.1082931236405553
309,0.31,1.1085000108691367
310,0.311,1.108614122192769
311,0.312,1.1087701302911501
312,0.313,1.1088618819288536
313,0.314,1.1089504804095784
314,0.315,1.1090200865209894
315,0.316,1.1091512971897137
316,0.317,1.1092797396266931
317,0.318,1.109406418942368
318,0.319,1.1095831358412385
319,0.32,1.1097059483761171
320,0.321,1.1098072649779585
321,0.322,1.1098933984455082
322,0.323,1.1100511172722949
323,0.324,1.1102054181172085
324,0.325,1.110309640742952
325,0.326,1.1104778952664596
326,0.327,1.1105812745813095
327,0.328,1.1107258669879494
328,0.329,1.1107966404764524
329,0.33,1.1109380372065452
330,0.331,1.1110517818164158
331,0.332,1.1112656611184821
332,0.333,1.1113993626485235
333,0.334,1.1115041304054198
334,0.335,1.1115726516368873
335,0.336,1.1117300138360369
336,0.337,1.111841663515028
337,0.338,1.1119193456393752
338,0.339,1.112029409010781
339,0.34,1.1121791618461836
340,0.341,1.1122532163446448
341,0.342,1.1125110790597832
342,0.343,1.1125939594603393
343,0.34400000000000003,1.1127080375193896
344,0.34500000000000003,1.1128104966954708
345,0.34600000000000003,1.1128642018960884
346,0.34700000000000003,1.1129496884031378
347,0.34800000000000003,1.1131512967014183
348,0.34900000000000003,1.1132244096874824
349,0.35000000000000003,1.113292550643329
350,0.35100000000000003,1.1134628509816797
351,0.35200000000000004,1.113557271916549
352,0.353,1.1136303263128609
353,0.354,1.1137208673140664
354,0.355,1.1137628254108176
355,0.356,1.113861655969821
356,0.357,1.113922614528142
357,0.358,1.114000831102197
358,0.359,1.1140978953416822
359,0.36,1.1141835706197047
360,0.361,1.1142975290516277
361,0.362,1.1143890169821358
362,0.363,1.1145201542518097
363,0.364,1.1147006269445887
364,0.365,1.1147942646460791
365,0.366,1.1149830559468539
366,0.367,1.1150552459526017
367,0.368,1.115121733795987
368,0.369,1.115205355930359
369,0.37,1.115352395288616
370,0.371,1.1154421709467317
371,0.372,1.1155206311425618
372,0.373,1.1155687094121864
373,0.374,1.115699838013387
374,0.375,1.1158288901575937
375,0.376,1.115883509548701
376,0.377,1.1159299412425336
377,0.378,1.1160163543222479
378,0.379,1.116102265073215
379,0.38,1.116212312617015
380,0.381,1.1163086942399547
381,0.382,1.1163901241585696
382,0.383,1.1165695687417307
383,0.384,1.1166539781006093
384,0.385,1.116774675118477
385,0.386,1.1168714016143395
386,0.387,1.1169652569121418
387,0.388,1.1170925678695647
388,0.389,1.1172074779624561
389,0.39,1.1173251693668953
390,0.391,1.117423223411234
391,0.392,1.1175030252439246
392,0.393,1.1175843410058035
393,0.394,1.1176631666252823
394,0.395,1.117771816059484
395,0.396,1.1178545549453431
396,0.397,1.1179757113265636
397,0.398,1.1181628900968812
398,0.399,1.1182498484928354
399,0.4,1.1183675982098693
400,0.401,1.1184663112015214
401,0.402,1.1185757127277982
402,0.403,1.118699810366505
403,0.404,1.1187615260510946
404,0.405,1.1188529449368936
405,0.406,1.1189807338230817
406,0.40700000000000003,1.119084896962701
407,0.40800000000000003,1.1191645529830225
408,0.40900000000000003,1.1193091422057513
409,0.41000000000000003,1.1194179013520624
410,0.41100000000000003,1.1194826787921535
411,0.41200000000000003,1.1195947714709453
412,0.41300000000000003,1.1196754128991682
413,0.41400000000000003,1.1197802233330536
414,0.41500000000000004,1.1198801336407616
415,0.41600000000000004,1.1199586655926155
416,0.41700000000000004,1.1200607204494928
417,0.418,1.1201308344513135
418,0.419,1.1203025332265681
419,0.42,1.1203750277671816
420,0.421,1.1205008929670899
421,0.422,1.1205885114666057
422,0.423,1.1206397073004488
423,0.424,1.1207529833490881
424,0.425,1.1208318844467202
425,0.426,1.1209180316936913
426,0.427,1.1210794323367834
427,0.428,1.1212384293938595
428,0.429,1.1214242297882078
429,0.43,1.1215616171811482
430,0.431,1.1216947585889212
431,0.432,1.1218116767753392
432,0.433,1.1219005124575545
433,0.434,1.1219903575538674
434,0.435,1.122105533168224
435,0.436,1.122153723274549
436,0.437,1.1222304809497665
437,0.438,1.1222880410704223
438,0.439,1.1223820208894255
439,0.44,1.1225119066540366
440,0.441,1.1226035440124131
441,0.442,1.1226665001302814
442,0.443,1.1227763375353488
443,0.444,1.1229170385218292
444,0.445,1.123030173892328
445,0.446,1.1231305494519441
446,0.447,1.1232136396488537
447,0.448,1.123303291995797
448,0.449,1.1234077149969104
449,0.45,1.1234876615455192
450,0.451,1.1236325606010886
451,0.452,1.1237737021494087
452,0.453,1.1238766216178093
453,0.454,1.1239529670023283
454,0.455,1.124080180751446
455,0.456,1.1242048793502781
456,0.457,1.124265120511116
457,0.458,1.1243446369032255
458,0.459,1.1244061540985442
459,0.46,1.124472586761297
460,0.461,1.1246307339879422
461,0.462,1.1246963943938804
462,0.463,1.124806803408977
463,0.464,1.124899964224488
464,0.465,1.1250143206579124
465,0.466,1.1251507614445637
466,0.467,1.1252497687774112
467,0.468,1.1253412315755198
468,0.46900000000000003,1.1253916375857105
469,0.47000000000000003,1.1255521755494409
470,0.47100000000000003,1.125628099763948
471,0.47200000000000003,1.1257049645574557
472,0.47300000000000003,1.1258236349702346
473,0.47400000000000003,1.125983019105115
474,0.47500000000000003,1.1261142660093344
475,0.47600000000000003,1.1261807255150977
476,0.47700000000000004,1.126243391936994
477,0.47800000000000004,1.1263610227234397
478,0.47900000000000004,1.126489095732495
479,0.48000000000000004,1.1265845099696872
480,0.481,1.1266742685320699
481,0.482,1.126793620672692
482,0.483,1.1268861597208
483,0.484,1.1269761158614293
484,0.485,1.127145584850623
485,0.486,1.1272711933278612
486,0.487,1.127355595773144
487,0.488,1.12749090531048
488,0.489,1.127549054524563
489,0.49,1.127631799530088
490,0.491,1.1277412026418072
491,0.492,1.1278207692013007
492,0.493,1.12795261559899
493,0.494,1.1280748663296785
494,0.495,1.1281918168692684
495,0.496,1.1282489045821307
496,0.497,1.128350024314685
497,0.498,1.1284349866261194
498,0.499,1.1285791614193101
499,0.5,1.1286880847836311
500,0.501,1.1287651688630431
501,0.502,1.1288367545722002
502,0.503,1.1289178296552862
503,0.504,1.129107381246961
504,0.505,1.129203043303164
505,0.506,1.1292702435189677
506,0.507,1.1294146414689186
507,0.508,1.129506105135051
508,0.509,1.1296118839934068
509,0.51,1.12973997683337
510,0.511,1.1298551880432643
511,0.512,1.1299701825877102
512,0.513,1.1300493870347714
513,0.514,1.1301464070241969
514,0.515,1.1301969346197909
515,0.516,1.130254404856263
516,0.517,1.1303478272614713
517,0.518,1.1304869974610134
518,0.519,1.130613181956788
519,0.52,1.1306849751964774
520,0.521,1.1307277940458196
521,0.522,1.1307983216650874
522,0.523,1.130894991762649
523,0.524,1.1309869182857297
524,0.525,1.1311419394857811
525,0.526,1.1312186879725665
526,0.527,1.1313043828152438
527,0.528,1.1313840471875538
528,0.529,1.1314678281470294
529,0.53,1.1316228692381236
530,0.531,1.1317119825716409
531,0.532,1.1318053477660461
532,0.533,1.1319161969529046
533,0.534,1.1320300352950583
534,0.535,1.132095659082566
535,0.536,1.1322322743239872
536,0.537,1.132301320606889
537,0.538,1.1323861516794438
538,0.539,1.1324354922790507
539,0.54,1.1325235509996814
540,0.541,1.1326385584586134
541,0.542,1.1327502958817015
542,0.543,1.132884326514408
543,0.544,1.133006062505015
544,0.545,1.133083081024069
545,0.546,1.133191240260611
546,0.547,1.1332866902905172
547,0.548,1.1333744268173795
548,0.549,1.1334540659304793
549,0.55,1.133575098824518
550,0.551,1.1336694387073134
551,0.552,1.1337788547839143
552,0.553,1.1338259267524116
553,0.554,1.1338902409178018
554,0.555,1.1339973301571353
555,0.556,1.134097631881112
556,0.557,1.1342244788490654
557,0.558,1.1343191523907348
558,0.559,1.134426119618059
559,0.56,1.134572650606703
560,0.561,1.1346726191196597
561,0.562,1.1348225808138976
562,0.5630000000000001,1.1349328660783922
563,0.5640000000000001,1.135004711366912
564,0.5650000000000001,1.1350625203739548
565,0.5660000000000001,1.1351076669763642
566,0.5670000000000001,1.1351647427756792
567,0.5680000000000001,1.1352230649470136
568,0.5690000000000001,1.1353776904746768
569,0.5700000000000001,1.135489092077456
570,0.5710000000000001,1.135541873663616
571,0.5720000000000001,1.1355958058517395
572,0.5730000000000001,1.1357085583303272
573,0.5740000000000001,1.1358067210265794
574,0.5750000000000001,1.1359025424606068
575,0.5760000000000001,1.1359996469701528
576,0.5770000000000001,1.1360872822340584
577,0.578,1.1361998120821717
578,0.579,1.136300102442866
579,0.58,1.1363992219506056
580,0.581,1.1364780588906398
581,0.582,1.1365757569263841
582,0.583,1.1366586799594673
583,0.584,1.1367546188402278
584,0.585,1.1368262235350342
585,0.586,1.1369112973690931
586,0.587,1.1369730610017106
587,0.588,1.1370539011334455
588,0.589,1.1371348654524156
589,0.59,1.1372681233436233
590,0.591,1.1373822032860763
591,0.592,1.1374568625924355
592,0.593,1.1375658798851858
593,0.594,1.1376409924395374
594,0.595,1.1377141655951308
595,0.596,1.1378071733004198
596,0.597,1.137909497838189
597,0.598,1.1380159902932105
598,0.599,1.138092498700832
599,0.6,1.138247900556387
600,0.601,1.1383344462656588
601,0.602,1.138490920562999
602,0.603,1.1385825524081237
603,0.604,1.1386656592433684
604,0.605,1.1387588580658097
605,0.606,1.138874655213062
606,0.607,1.138954898928338
607,0.608,1.139115270499907
608,0.609,1.1391913961527882
609,0.61,1.1392760980838097
610,0.611,1.1394198704397975
611,0.612,1.139474784775547
612,0.613,1.1396017622893275
613,0.614,1.1397096149411703
614,0.615,1.139853971151969
615,0.616,1.1400074181982442
616,0.617,1.1401010630266413
617,0.618,1.140168027533487
618,0.619,1.1402752578997664
619,0.62,1.1403516579783732
620,0.621,1.140430743911649
621,0.622,1.1404982339480831
622,0.623,1.1405746180070877
623,0.624,1.140656848062324
624,0.625,1.1407386962629145
625,0.626,1.1408423950651847
626,0.627,1.1410160013401456
627,0.628,1.141247631558565
628,0.629,1.1413402811988123
629,0.63,1.141453426236348
630,0.631,1.1415760793401701
631,0.632,1.1416847800005732
632,0.633,1.1417592306591935
633,0.634,1.1419161963289701
634,0.635,1.1420716530731139
635,0.636,1.1421666920161555
636,0.637,1.1422456110829597
637,0.638,1.1423181872204515
638,0.639,1.1423924478358627
639,0.64,1.1424836844545418
640,0.641,1.142627373421203
641,0.642,1.1427210317945091
642,0.643,1.142817046027632
643,0.644,1.1429037447230481
644,0.645,1.1430037367665187
645,0.646,1.143130797867654
646,0.647,1.1432600468121317
647,0.648,1.143367424498661
648,0.649,1.143547155316399
649,0.65,1.1436454704040782
650,0.651,1.14376378996011
651,0.652,1.1439234089792407
652,0.653,1.1440758220139977
653,0.654,1.1441221207996213
654,0.655,1.1442381444136536
655,0.656,1.1443278327610613
656,0.657,1.1444137326386763
657,0.658,1.1444651276848297
658,0.659,1.1446327068279594
659,0.66,1.1447057696968101
660,0.661,1.1447980941347238
661,0.662,1.1450009269109418
662,0.663,1.1450958060162906
663,0.664,1.1451915637332104
664,0.665,1.145275853555173
665,0.666,1.145364108877804
666,0.667,1.1454870757921238
667,0.668,1.1456240239921014
668,0.669,1.1457375779837689
669,0.67,1.1458413421089624
670,0.671,1.1459447118181698
671,0.672,1.146070898329524
672,0.673,1.1461628998779776
673,0.674,1.1462254735067545
674,0.675,1.1463227573577068
675,0.676,1.146456919207477
676,0.677,1.1466054055370665
677,0.678,1.1467255871788535
678,0.679,1.1468000489284527
679,0.68,1.146972707803036
680,0.681,1.1470961862674824
681,0.682,1.1472205389458088
682,0.683,1.1474239581309202
683,0.684,1.1475558796277168
684,0.685,1.1476913273369824
685,0.686,1.1477804034107928
686,0.687,1.1478964890812764
687,0.6880000000000001,1.148006570615167
688,0.6890000000000001,1.1480954395495018
689,0.6900000000000001,1.1481991866998467
690,0.6910000000000001,1.148283336010282
691,0.6920000000000001,1.148372942303006
692,0.6930000000000001,1.148480036780887
693,0.6940000000000001,1.1485589823276587
694,0.6950000000000001,1.14867507536435
695,0.6960000000000001,1.148807247945249
696,0.6970000000000001,1.148855670665718
697,0.6980000000000001,1.1489830804689025
698,0.6990000000000001,1.1491159769928576
699,0.7000000000000001,1.1492023554868203
700,0.7010000000000001,1.1492913281426484
701,0.7020000000000001,1.1494556891343064
702,0.7030000000000001,1.1495765477446127
703,0.7040000000000001,1.1497341732981168
704,0.705,1.1498391679402564
705,0.706,1.1499071707511206
706,0.707,1.1500676216274326
707,0.708,1.1502002577020223
708,0.709,1.1503025543772605
709,0.71,1.1503727566143032
710,0.711,1.1504772149030853
711,0.712,1.1506127688077212
712,0.713,1.1507631044023334
713,0.714,1.1509124302513563
714,0.715,1.1510191555204665
715,0.716,1.1511389443219255
716,0.717,1.151243503005615
717,0.718,1.1513611429218935
718,0.719,1.151439157550059
719,0.72,1.1515928686500247
720,0.721,1.151704073496248
721,0.722,1.1518146363332284
722,0.723,1.1519237782668095
723,0.724,1.152089437259878
724,0.725,1.1522402557915403
725,0.726,1.1523982369475112
726,0.727,1.1524818986077174
727,0.728,1.1525877126061406
728,0.729,1.1526743763506415
729,0.73,1.1528792407750381
730,0.731,1.15297215759486
731,0.732,1.1530714675719302
732,0.733,1.15325879634835
733,0.734,1.1534801841764148
734,0.735,1.1535923448094358
735,0.736,1.1537263726903568
736,0.737,1.1538649417759639
737,0.738,1.15405007285574
738,0.739,1.154251450822907
739,0.74,1.1544552693843104
740,0.741,1.154538556313446
741,0.742,1.1546445863357897
742,0.743,1.1547898720819918
743,0.744,1.154898788747761
744,0.745,1.154971299759482
745,0.746,1.1552482919845644
746,0.747,1.155432160281872
747,0.748,1.1555289888665756
748,0.749,1.1556572526333047
749,0.75,1.155761805382747
750,0.751,1.1558270996107214
751,0.752,1.1559332956197725
752,0.753,1.1560496514180205
753,0.754,1.1561508100394062
754,0.755,1.156284133038064
755,0.756,1.1564058598578686
756,0.757,1.1565470969377807
757,0.758,1.1567075617412999
758,0.759,1.1567765821895797
759,0.76,1.1568696858734286
760,0.761,1.156976675949733
761,0.762,1.1570881730257478
762,0.763,1.1572280356408358
763,0.764,1.157368438046117
764,0.765,1.1574944016480537
765,0.766,1.1576672496981892
766,0.767,1.1577525968695825
767,0.768,1.1578864258052812
768,0.769,1.157997901617448
769,0.77,1.1580862528983435
770,0.771,1.1582075687908029
771,0.772,1.1583560674798945
772,0.773,1.1584818708266877
773,0.774,1.1585620303640642
774,0.775,1.158681718518967
775,0.776,1.1588205245469745
776,0.777,1.1589880819084601
777,0.778,1.1590719919945223
778,0.779,1.1592175106823417
779,0.78,1.1594262349605946
780,0.781,1.159593406838837
781,0.782,1.159730117152186
782,0.783,1.1598409876744877
783,0.784,1.159944112164774
784,0.785,1.160106839216818
785,0.786,1.1602496130161477
786,0.787,1.1603862984796087
787,0.788,1.1605354483673147
788,0.789,1.1607499087437456
789,0.79,1.160884068244369
790,0.791,1.1609387478408297
791,0.792,1.1610465379544503
792,0.793,1.1612365220382155
793,0.794,1.1613813348025037
794,0.795,1.1614684705664118
795,0.796,1.161636592883367
796,0.797,1.1618566888028499
797,0.798,1.161983157422185
798,0.799,1.1620816902794597
799,0.8,1.162233850937133
800,0.801,1.162374029899174
801,0.802,1.1624667461995943
802,0.803,1.1625700770110312
803,0.804,1.1627000185056784
804,0.805,1.1628308285815299
805,0.806,1.162925782807
806,0.807,1.1630634348612805
807,0.808,1.163183216308418
808,0.809,1.1633579241293337
809,0.81,1.1634766700357517
810,0.811,1.1636477145510715
811,0.812,1.1637880848215243
812,0.8130000000000001,1.1639075150236409
813,0.8140000000000001,1.1640470738491324
814,0.8150000000000001,1.164132057082698
815,0.8160000000000001,1.1642056187979377
816,0.8170000000000001,1.1642923505153184
817,0.8180000000000001,1.1644187428029225
818,0.8190000000000001,1.1645624611988303
819,0.8200000000000001,1.1647738790093898
820,0.8210000000000001,1.1650011828635543
821,0.8220000000000001,1.1651276733072236
822,0.8230000000000001,1.1652384610682454
823,0.8240000000000001,1.165405598269204
824,0.8250000000000001,1.16558827294911
825,0.8260000000000001,1.165783333482291
826,0.8270000000000001,1.1659854151151463
827,0.8280000000000001,1.166087435580084
828,0.8290000000000001,1.1662364592828134
829,0.8300000000000001,1.1663425781475816
830,0.8310000000000001,1.166453789414096
831,0.8320000000000001,1.1666013576736893
832,0.8330000000000001,1.1668257134994415
833,0.834,1.167002370693729
834,0.835,1.167134539889786
835,0.836,1.1672900293345183
836,0.837,1.1674906487608334
837,0.838,1.167822921395658
838,0.839,1.1679028461203802
839,0.84,1.168077632233317
840,0.841,1.1682519764721242
841,0.842,1.1684190123894587
842,0.843,1.1685918348343483
843,0.844,1.168803846749205
844,0.845,1.1689720951792957
845,0.846,1.1692042163771388
846,0.847,1.1693736246338244
847,0.848,1.1695626394475744
848,0.849,1.1697884277586152
849,0.85,1.1699344818119242
850,0.851,1.1700774430258432
851,0.852,1.170258805706649
852,0.853,1.1705053438113118
853,0.854,1.1707080258734908
854,0.855,1.17095383017441
855,0.856,1.1711161488833037
856,0.857,1.171293131487709
857,0.858,1.1713517518164063
858,0.859,1.1715176303598418
859,0.86,1.1717100384819696
860,0.861,1.1718965548949032
861,0.862,1.1719939987418149
862,0.863,1.1721369426563746
863,0.864,1.1723141309756542
864,0.865,1.1725495295734414
865,0.866,1.1727340063823437
866,0.867,1.1728974014582865
867,0.868,1.173210858807384
868,0.869,1.173271490744748
869,0.87,1.1734917929105393
870,0.871,1.1737321833411638
871,0.872,1.1740219761606965
872,0.873,1.1741840559169334
873,0.874,1.1744820797255549
874,0.875,1.1747810202224531
875,0.876,1.1749722450852615
876,0.877,1.175090574285303
877,0.878,1.1752002747596106
878,0.879,1.1754434298656873
879,0.88,1.175597550563204
880,0.881,1.1757690382948358
881,0.882,1.1759998286343107
882,0.883,1.1761784059001748
883,0.884,1.1764223338201338
884,0.885,1.1766395780198051
885,0.886,1.1769016461117623
886,0.887,1.1770834930378355
887,0.888,1.1771988410080836
888,0.889,1.1774764605667642
889,0.89,1.1775816298761288
890,0.891,1.1778393487384775
891,0.892,1.178085515200742
892,0.893,1.1782729140661914
893,0.894,1.1785171169748105
894,0.895,1.1786662344117724
895,0.896,1.178898056993384
896,0.897,1.1791297230252145
897,0.898,1.1793455867632106
898,0.899,1.1795072291713975
899,0.9,1.179639760210767
900,0.901,1.1798562699174155
901,0.902,1.180111108083873
902,0.903,1.1802647309285297
903,0.904,1.1804038479064947
904,0.905,1.180618325140141
905,0.906,1.1807435412482459
906,0.907,1.1809441433014967
907,0.908,1.1810822242587635
908,0.909,1.1814069781868317
909,0.91,1.18171410331747
910,0.911,1.1819374182931934
911,0.912,1.1821272256883562
912,0.913,1.1823728392660076
913,0.914,1.182599026186931
914,0.915,1.1827778677402467
915,0.916,1.1829331852562734
916,0.917,1.1831684818684252
917,0.918,1.1834421479889816
918,0.919,1.1836391801226387
919,0.92,1.183924872418105
920,0.921,1.1844013936950695
921,0.922,1.1846065307991644
922,0.923,1.1848262728519448
923,0.924,1.1851551520201669
924,0.925,1.185369188964811
925,0.926,1.1856396343904863
926,0.927,1.1858014826033016
927,0.928,1.1861853444840225
928,0.929,1.1865212414342772
929,0.93,1.1867074088694778
930,0.931,1.1870917366419471
931,0.932,1.187221351599921
932,0.933,1.1873737282170451
933,0.934,1.1878095607485348
934,0.935,1.1881632828145638
935,0.936,1.1884245335041559
936,0.937,1.1888921640317767
937,0.9380000000000001,1.1891861267432131
938,0.9390000000000001,1.1893563648530148
939,0.9400000000000001,1.189609087454225
940,0.9410000000000001,1.1898715315525787
941,0.9420000000000001,1.1901897536739074
942,0.9430000000000001,1.190492608864196
943,0.9440000000000001,1.1908304563302499
944,0.9450000000000001,1.1913239254065096
945,0.9460000000000001,1.1916892462772783
946,0.9470000000000001,1.1921384982323027
947,0.9480000000000001,1.192612137394666
948,0.9490000000000001,1.1928218836418223
949,0.9500000000000001,1.193227273772221
950,0.9510000000000001,1.1936405882468069
951,0.9520000000000001,1.194084974534738
952,0.9530000000000001,1.1945010304928014
953,0.9540000000000001,1.1947962036272592
954,0.9550000000000001,1.1952551407753444
955,0.9560000000000001,1.195623680729109
956,0.9570000000000001,1.1961630481651169
957,0.9580000000000001,1.196535325516192
958,0.9590000000000001,1.1968307260637119
959,0.9600000000000001,1.1971879009208168
960,0.961,1.197581508830263
961,0.962,1.198128627229487
962,0.963,1.198491094175617
963,0.964,1.1989881422823017
964,0.965,1.1995111237108078
965,0.966,1.2002510217370383
966,0.967,1.2005810235182008
967,0.968,1.2011060477146083
968,0.969,1.2017872461590011
969,0.97,1.2024986565187696
970,0.971,1.2031036967930278
971,0.972,1.2033255450569935
972,0.973,1.2044365064289506
973,0.974,1.2050141160769428
974,0.975,1.2057034099363497
975,0.976,1.206269926653684
976,0.977,1.2072090841371739
977,0.978,1.2078024554901383
978,0.979,1.2091891645438975
979,0.98,1.2102444904005039
980,0.981,1.2108543335151711
981,0.982,1.211589395454796
982,0.983,1.2124907480845555
983,0.984,1.2135391446665669
984,0.985,1.2147384334074613
985,0.986,1.2153334079199034
986,0.987,1.2168682316730812
987,0.988,1.2183028788801396
988,0.989,1.2194982909830787
989,0.99,1.2207771827215272
990,0.991,1.221995914781059
991,0.992,1.2230247507894814
992,0.993,1.2244754768448556
993,0.994,1.2261355965394611
994,0.995,1.2295976220499725
995,0.996,1.232638753701287
996,0.997,1.2351598811123374
997,0.998,1.240425023642277
998,0.999,1.2507360673899284
